date,summary,direction,confidence
2025-05-20,"AAPL's recent price decline and mixed news headlines suggest a cautious market sentiment, with the stock potentially facing headwinds from declining cell phone satisfaction and competition in the satellite industry.",down,0.7
2025-05-21,"AAPL shows signs of consolidation after recent price drop, with a slight bias towards recovery due to the news about counterfeit Apple chargers being seized.",up,0.7
2025-05-22,"AAPL has experienced a significant decline in the last two trading days, with returns of -2.33% and -0.92%. The stock's price has also fallen below its 20-day moving average, indicating a potential downtrend. However, the recent news headlines suggest that investors are looking for opportunities to profit in a market crash, which could potentially support AAPL's price.",down,0.7
2025-05-23,"AAPL has experienced a significant decline in the last few trading days, with returns ranging from -0.09% to -2.33%. The stock's price momentum is bearish, and market sentiment appears cautious due to the recent news headlines focusing on declining stocks and technological advancements.",down,0.8
2025-05-27,"AAPL has experienced significant volatility over the last week, with a decline of nearly 6% and multiple moving average crossovers indicating potential trend reversals. The recent price drop may be an opportunity for investors to buy back in, but overall market sentiment remains cautious.",up,0.7
2025-05-28,"AAPL shows signs of recovery from recent decline, with a positive return on the last trading day and expanding share buyback news, indicating potential price momentum.",up,0.8
2025-05-29,"AAPL shows signs of recovery from recent decline, with a positive return on May 27 and a slight increase on May 28. However, the stock is still trading below its 5-day moving average, indicating some caution in the market.",up,0.7
2025-05-30,"AAPL has experienced a volatile trading period with significant price swings, indicating market uncertainty and potential short-term volatility. The recent price drop on May 23rd may have been due to profit-taking or concerns about the company's growth prospects.",down,0.7
2025-06-02,"AAPL shows mixed performance over the last five trading days, with a slight decline on May 29 but a rebound on May 30. The stock's short-term momentum is neutral, and the long-term trend remains bullish.",down,0.6
2025-06-03,"AAPL has shown mixed performance over the last five trading days, with a slight uptrend driven by positive returns on May 30 and June 2. However, the recent decline on May 29 may indicate some caution ahead.",up,0.7
2025-06-04,"AAPL has shown increasing price momentum over the last few trading days, with a strong upswing on June 3rd. The stock's short-term moving averages are still below its current price, indicating potential for further gains.",up,0.8
2025-06-05,"AAPL has shown mixed price movements over the last five trading days, with a high of $202.65 on June 3rd and a low of $199.34 on May 29th. The stock's short-term moving averages are generally above its closing price, indicating a bullish trend. However, the recent decline on June 4th may indicate some caution.",up,0.7
2025-06-06,"AAPL has experienced a mixed trend over the last five trading days, with significant price swings and varying returns. The stock's short-term momentum is uncertain due to recent negative returns.",down,0.6
2025-06-09,"AAPL has experienced a volatile trading period with significant price swings, indicating a mixed market sentiment. The stock's recent performance suggests a potential reversal in momentum.",down,0.6
2025-06-10,"AAPL has experienced a volatile trading period with significant price swings, indicating a neutral market sentiment. The stock's short-term momentum is leaning downwards due to recent losses.",down,0.6
2025-06-11,"AAPL has experienced a mixed trend over the last five trading days, with price fluctuations and varying returns. The stock's short-term momentum is neutral, but its long-term trend remains bullish.",down,0.6
2025-06-12,"AAPL has experienced a mixed trend over the last five trading days, with price fluctuations and varying returns. The short-term moving averages (ma5 and ma20) are relatively close to each other, indicating a possible stabilization of the stock's momentum.",down,0.7
2025-06-13,"AAPL has experienced a mixed trend over the last five trading days, with price fluctuations driven by short-term market movements. The stock's momentum is currently leaning downwards due to recent losses.",down,0.7
2025-06-16,"AAPL has experienced a decline in price over the last two trading days, with returns of -1.22% and -1.39%. The short-term moving averages (ma5 and ma20) have also decreased, indicating a potential downtrend. However, the recent close on June 12th was higher than the previous day's low, suggesting some level of support.",down,0.6
2025-06-17,"AAPL shows mixed price action with recent gains offset by losses, indicating a neutral market sentiment. The stock's short-term momentum is slightly positive due to the recent +1.00% return on June 16.",up,0.7
2025-06-18,"AAPL shows mixed price action with recent losses, but strong news on Texas Instruments' $60B investment in US semiconductor manufacturing may support a rebound.",up,0.7
2025-06-20,"AAPL shows mixed price action with recent losses followed by gains, indicating a volatile market sentiment. The stock is trading near its 50-day moving average, suggesting a potential short-term pullback.",down,0.6
2025-06-23,"AAPL has experienced a mixed trend over the last five trading days, with price movements influenced by news headlines such as Texas Instruments' investment in semiconductor fabs and DeFi Development Corp.'s partnership with Kraken. The stock's short-term momentum is neutral, but long-term trends suggest a slight upward bias.",up,0.7
2025-06-24,"AAPL has shown mixed performance over the last five trading days, with a recent uptick driven by strong price action on June 20th. However, the stock's short-term momentum is somewhat neutralized by the decline on June 17th. Overall, market sentiment appears cautiously optimistic.",up,0.7
2025-06-25,"AAPL has experienced a mixed trend over the last five trading days, with significant gains on June 20 and 23, followed by a decline on June 24. The stock's short-term moving averages are relatively close to its current price, indicating potential support from these levels.",down,0.7
2025-06-26,"AAPL has experienced a volatile trading period with significant price swings, indicating a mixed market sentiment. The stock's recent gains are largely driven by news headlines related to Amazon and the tech sector, suggesting a potential short-term uptrend.",up,0.7
2025-06-27,"AAPL shows mixed performance over the last 5 trading days, with a slight decline on June 24 and a rebound on June 25. The stock's price momentum is still bullish, but the recent volatility suggests a cautious approach.",up,0.7
2025-06-30,"AAPL shows mixed signals with recent price fluctuations and news headlines indicating potential regulatory challenges and AI-related developments, suggesting a cautious market sentiment.",down,0.7
2025-07-01,"AAPL shows mixed performance over the last five trading days, with a significant increase on June 30th driven by news headlines. However, the stock's price momentum is still uncertain due to recent volatility.",up,0.7
2025-07-02,"AAPL has shown a strong upward trend over the past few days, with significant price increases and positive returns. The stock's momentum is driven by its recent performance, suggesting a potential continuation of this trend.",up,0.8
2025-07-03,"AAPL has shown strong upward momentum over the past few trading days, with returns ranging from +0.04% to +2.20%. The stock's price has increased steadily, indicating a positive sentiment.",up,0.8
2025-07-07,"AAPL has shown strong upward momentum over the past few trading days, with returns ranging from +2.01% to +2.20%. The stock's price has also been steadily increasing, indicating a bullish trend.",up,0.8
2025-07-08,"AAPL has shown mixed price movements over the past week, with a significant drop on July 7 but recovery on July 2 and 3. The stock's short-term momentum is neutral, while its long-term trend remains bullish.",down,0.6
2025-07-09,"AAPL has experienced a mixed trend over the last five trading days, with significant price fluctuations and varying returns. The stock's short-term momentum is neutral, while its long-term trend remains bullish.",down,0.6
2025-07-10,"AAPL has experienced a mixed trend over the last five trading days, with returns ranging from -1.70% to +0.54%. The stock's short-term moving averages (ma5 and ma20) have been relatively stable, but the long-term moving average (ma20) is still below the current price, indicating potential support.",up,0.7
2025-07-11,"AAPL has shown mixed performance over the last five trading days, with a slight uptrend indicated by the closing prices increasing from $207.38 to $211.77. However, the recent price drop on July 7th and the lack of significant news headlines suggest caution is warranted.",up,0.6
2025-07-14,"AAPL has shown mixed performance over the last five trading days, with a slight increase in price and varying returns. The stock's moving averages are relatively stable, indicating some level of support.",down,0.6
2025-07-15,"AAPL shows mixed signals with recent price fluctuations and news headlines indicating a potential partnership that could boost demand for recycled rare earth magnets, but overall market sentiment remains cautious.",up,0.7
2025-07-16,"AAPL has experienced a mixed trend over the last five trading days, with price fluctuations and varying returns. The stock's short-term momentum is neutral, but long-term trends suggest a slight downward bias due to the semiconductor giant's critical warning.",down,0.7
2025-07-17,"AAPL shows mixed signals with recent price fluctuations and news headlines indicating a surge in AI chip demand from TSMC, which could positively impact the stock's performance.",up,0.7
2025-07-18,"AAPL has shown mixed performance over the last five trading days, with a recent decline followed by a slight increase. The stock's price momentum is neutral, and market sentiment appears cautious due to concerns about AI stocks triggering a market crash.",down,0.6
2025-07-21,"AAPL has shown mixed performance over the last five trading days, with a slight increase in price and returns, but also experiencing some volatility. The stock's short-term momentum appears to be slightly positive, driven by news headlines that suggest continued investor confidence.",up,0.7
2025-07-22,"AAPL shows a mixed trend with recent price increases and slight volatility, indicating potential market uncertainty. The news headlines suggest concerns about AI and technology sectors, which may impact AAPL's performance.",down,0.6
2025-07-23,"AAPL has shown strong upward momentum over the past week, with returns ranging from +0.50% to +0.90%. The stock's closing price has increased by $4.93, indicating a positive trend. However, the recent volatility and mixed news headlines may impact the stock's performance.",up,0.7
2025-07-24,"AAPL has shown a mixed trend over the last few trading days, with some positive returns and others showing a decline. The stock's price momentum is still bullish, but the recent drop on July 23 may indicate a slight pullback. Overall, market sentiment seems cautiously optimistic.",down,0.6
2025-07-25,"AAPL shows mixed performance over the last 5 trading days, with a slight decline on July 23 and 24, but recovering on July 22. The stock's price momentum is still positive, indicating potential for further gains.",up,0.8
2025-07-28,"AAPL has experienced a mixed trend over the past five trading days, with returns ranging from -0.18% to +0.90%. The stock's short-term moving averages (ma5 and ma20) have been relatively stable, but the long-term trend is still bullish due to its strong addressable market potential.",up,0.8
2025-07-29,"AAPL shows mixed performance over the last five trading days with a slight increase in price and returns, but also experiencing volatility with negative returns on consecutive days. The recent news headlines do not seem to have a significant impact on the stock's price momentum.",down,0.6
2025-07-30,"AAPL has experienced a mixed trend over the last five trading days, with a significant drop on July 29 but followed by gains on July 25 and 28. The short-term moving averages are relatively stable, while the long-term average is slightly lower than the closing price.",down,0.6
2025-07-31,"AAPL has experienced a mixed trend over the last five trading days, with a decline of -1.31% on July 29 and a rebound of +0.08% on July 28. The stock's short-term moving averages (ma5 and ma20) have been relatively stable, but the long-term average (ma20) has shown a slight increase. Overall, market sentiment appears cautious, with some positive news from Qualcomm Q3 revenue.",down,0.6
2025-08-01,"AAPL has experienced a significant decline over the past week, with returns ranging from -0.71% to -1.31%. The stock's price has been volatile, and the recent close on July 31st is at its lowest point in the last five trading days.",down,0.8
2025-08-04,"AAPL has experienced a decline in recent trading days, with returns ranging from -0.71% to -2.53%. The stock's price momentum is uncertain, and the lack of news headlines suggests no significant catalysts for change.",down,0.6
2025-08-05,"AAPL has experienced a decline in recent trading days, with returns ranging from -2.53% to +0.48%. The stock's price momentum is uncertain, and the lack of news headlines suggests no significant catalysts for change.",down,0.6
2025-08-06,"AAPL has experienced a decline in price over the past week, with returns ranging from -2.53% to +0.48%. The stock's short-term moving averages (ma5 and ma20) are slightly above its current price, indicating a potential bounce back.",down,0.6
2025-08-07,"AAPL has experienced significant volatility in the last trading days, with a strong upswing on August 6th followed by a decline on August 1st and 5th. The current price of $212.60 is near its 20-day moving average, indicating a potential short-term pullback.",down,0.7
2025-08-08,"AAPL has shown significant volatility in the last week, with a strong price increase on August 6th and a slight correction on August 5th. The recent news headlines do not provide any market-moving information, suggesting that investor sentiment is focused on fundamental analysis.",up,0.8
2025-08-11,"AAPL has shown significant upward momentum over the last few trading days, with returns ranging from +3.13% to +4.97%. The stock's price has also been influenced by its moving averages, which have generally trended upwards.",up,0.8
2025-08-12,"AAPL has shown mixed performance over the last five trading days, with a significant increase on August 6th followed by a decline on August 11th. The stock's short-term moving averages are above its current price, indicating a potential bounce back.",up,0.7
2025-08-13,"AAPL has shown mixed performance over the last five trading days, with a recent decline followed by a slight increase. The stock's price momentum is currently leaning upwards, but the overall trend remains uncertain.",up,0.6
2025-08-14,"AAPL has shown mixed performance over the last five trading days, with a high of $232.89 and a low of $226.75. The stock's price momentum is slightly positive, but the recent return on August 11th was negative, indicating some volatility. Overall, market sentiment seems neutral.",up,0.7
2025-08-15,"AAPL shows mixed performance over the last 5 trading days, with a slight decline on August 14 but recovery on August 12 and 13. The stock's price momentum is still bullish, driven by its strong closing prices.",up,0.8
2025-08-18,"AAPL has shown mixed performance over the last five trading days, with a slight decline in price and returns ranging from -0.51% to +1.59%. The stock's short-term momentum is neutral, but the overall trend suggests a potential upward movement.",up,0.7
2025-08-19,"AAPL has experienced a mixed trend over the last five trading days, with returns ranging from -0.51% to +1.59%. The stock's short-term moving averages (ma5 and ma20) have been relatively stable, but the long-term average (ma20) is still below the current price, indicating potential support.",down,0.6
2025-08-20,"AAPL has experienced a decline in price over the last few trading days, with returns ranging from -0.14% to -0.51%. The stock's short-term moving averages are still above its current price, indicating some level of support. However, the overall trend is bearish.",down,0.7
2025-08-21,"AAPL has experienced a decline in price over the last few trading days, with a significant drop on August 20th. However, the recent close of $225.58 may indicate a potential bottom for the stock. The news headlines do not seem to have a direct impact on AAPL's price.",down,0.7
2025-08-22,"AAPL has experienced a decline in price over the past week, with a -2.15% drop from $231.15 to $225.58 on August 20th. The recent close of $224.47 on August 21st indicates a potential downward trend. However, the news about Intel's stake and Apple's iPhone chip production may provide some support.",down,0.7
2025-08-25,"AAPL shows a mixed trend with recent price fluctuations and news headlines indicating potential growth opportunities in AI initiatives and antimony processing, but overall market sentiment remains cautious.",up,0.7
2025-08-26,"AAPL has experienced a volatile trading period with significant price swings, indicating market uncertainty. The recent price increase on August 22nd suggests a potential uptrend, but the decline on August 25th may indicate a reversal.",down,0.6
2025-08-27,"AAPL has shown mixed performance over the last five trading days, with a positive return on August 22nd and negative returns on August 20th and 25th. The stock's short-term moving averages are slightly above its current price, indicating a potential bullish trend.",up,0.7
2025-08-28,"AAPL has shown mixed performance over the last five trading days, with a slight uptrend indicated by the closing prices increasing from $226.73 to $230.05. However, the price action is not strongly bullish or bearish, suggesting a neutral market sentiment.",up,0.6
2025-08-29,"AAPL shows strong upward momentum with a recent high and increasing price range, indicating a positive market sentiment. The stock's performance is driven by the semiconductor industry's growth prospects.",up,0.8
2025-09-02,"AAPL shows mixed price action with recent gains, but the stock has been consolidating after a strong run-up. The short-term moving averages are still above the long-term average, indicating some upward momentum.",down,0.6
2025-09-03,"AAPL has experienced a mixed trend over the last five trading days, with a slight decline on August 29 and 30, followed by gains on August 31 and September 2. The current price of $229.28 is near its moving averages, indicating a potential range-bound market for AAPL.",down,0.6
2025-09-04,"AAPL has experienced a significant price increase over the past two trading days, with a return of +3.74% on September 3rd. The stock's short-term momentum is positive, but its recent decline and volatility suggest caution.",up,0.7
2025-09-05,"AAPL has shown a mixed trend over the last five trading days, with significant gains on September 3rd and 4th, followed by losses on August 29th and 2nd. The recent price increase suggests a potential uptrend, but the short-term volatility indicates caution.",up,0.7
2025-09-08,"AAPL has shown a mixed trend over the last five trading days, with significant gains on September 3rd and 4th, followed by minor losses on the subsequent days. The stock's price momentum is currently neutral, but the recent upswing suggests a potential continuation of this trend.",up,0.7
2025-09-09,"AAPL has shown mixed performance over the last five trading days, with a slight decline on September 5th and a recovery on September 3rd. The stock's short-term moving averages are above its closing price, indicating a potential bullish trend.",up,0.7
2025-09-10,"AAPL has experienced a mixed trend over the last five trading days, with a significant drop on September 9th followed by a slight recovery on September 8th. The short-term moving averages are still above the long-term average, indicating some level of support.",down,0.6
2025-09-11,"AAPL has experienced a significant decline over the past week, with returns ranging from -0.04% to -3.28%. The stock's price momentum is uncertain due to the lack of news headlines, but the recent low on September 10th suggests potential support at $226.36.",down,0.7
2025-09-12,"AAPL has experienced a significant decline over the past week, with returns ranging from -3.28% to +1.42%. The stock's price momentum is uncertain, and market sentiment appears cautious.",down,0.6
2025-09-15,"AAPL has experienced a decline in price over the past week, with returns ranging from -3.28% to +1.74%. The stock's short-term moving averages are still above its current price, indicating some level of support.",down,0.6
2025-09-16,"AAPL has shown a mixed trend over the last five trading days, with price fluctuations and varying returns. The stock closed at $236.25 on September 15, indicating a slight upward momentum. However, the recent decline in price and return values may indicate some market uncertainty.",up,0.7
2025-09-17,"AAPL shows a mixed trend with recent price increases and decreasing volatility, indicating potential stability in the short term.",down,0.6
2025-09-18,"AAPL shows mixed price action with recent gains, but the short-term trend is up, and the news headlines do not seem to have a direct impact on the stock's price. The market sentiment appears neutral, and the confidence in tomorrow's return direction is moderate.",up,0.7
2025-09-19,"AAPL shows mixed performance over the last 5 trading days, with a slight decline on September 18th followed by gains in the previous days. The stock's price momentum is still positive, but the recent drop may indicate some market uncertainty.",down,0.6
2025-09-22,"AAPL has experienced a significant price surge in the last trading day, driven by positive news about new iPhone colors, indicating a bullish market sentiment. The stock's short-term momentum is strong, but its long-term performance remains uncertain.",up,0.8
2025-09-23,"AAPL has shown significant price growth over the past week, with a strong upward trend driven by positive news headlines and technical indicators. The stock's momentum is expected to continue, indicating a potential for further gains.",up,0.9
2025-09-24,"AAPL has shown significant price growth over the past week, with a strong upward trend driven by positive news headlines related to its top holdings in QQQ and S&P 500 ETFs. The stock's momentum is expected to continue, but with some volatility due to recent declines.",up,0.8
2025-09-25,"AAPL has experienced a mixed trend over the last five trading days, with significant price swings and varying returns. The stock's short-term momentum is driven by strong gains on September 19th and 22nd, but it has since corrected. Overall, market sentiment appears cautious.",down,0.6
2025-09-26,"AAPL has shown a mixed trend over the last five trading days, with a slight increase in price and returns, but also experiencing a decline on September 23rd. The recent news headlines do not seem to have a direct impact on AAPL's stock price. Overall, market sentiment appears neutral.",up,0.7
2025-09-29,"AAPL has experienced a mixed trend over the last five trading days, with a +4.22% gain on September 22nd followed by consecutive declines of -0.65%, -0.84%, and -0.55%. The stock's price is currently above its 20-day moving average, indicating some level of bullish sentiment.",down,0.6
2025-09-30,"AAPL has experienced a mixed trend over the last five trading days, with a significant increase on September 25th followed by a decline on September 26th and another slight decrease on September 29th. The current price is near its 20-day moving average, indicating a potential support level. Overall market sentiment seems neutral.",down,0.6
2025-10-01,"AAPL has experienced a mixed trend over the last five trading days, with a slight increase on September 25th and a decrease on September 26th and 29th. The stock's price is currently trending downward, but the recent close on September 30th indicates a minor uptick.",down,0.6
2025-10-02,"AAPL has shown mixed returns over the last five trading days, with a slight uptrend. The stock closed near its moving averages, indicating a potential continuation of this trend.",up,0.7
2025-10-03,"AAPL has shown a mixed trend over the last five trading days, with a slight increase in price and narrowing of the gap between the short-term moving average (ma5) and long-term moving average (ma20). The stock's recent performance suggests a potential continuation of upward momentum.",up,0.7
2025-10-06,"AAPL has shown a mixed trend over the last five trading days, with some strong gains and others showing minimal movement. The stock's price momentum is currently upward, but the overall market sentiment remains neutral.",up,0.7
2025-10-07,"AAPL has shown a mixed trend over the last five trading days, with a slight decline on October 6th followed by gains in the previous days. The stock's short-term moving averages are above its long-term average, indicating a potential uptrend.",up,0.7
2025-10-08,"AAPL has experienced a mixed trend over the last five trading days, with price fluctuations and varying returns. The stock's short-term momentum is slightly positive, but its long-term trend remains uncertain.",down,0.6
2025-10-09,"AAPL has experienced a mixed trend over the last five trading days, with price fluctuations and varying returns. The stock's short-term momentum is slightly positive, but its long-term trend remains uncertain.",up,0.7
2025-10-10,"AAPL has experienced a mixed trend over the last five trading days, with price fluctuations driven by returns ranging from -1.57% to +0.61%. The short-term moving averages (ma5 and ma20) have been relatively stable, but the long-term average (ma20) is still below the current price, indicating potential support.",down,0.6
2025-10-13,"AAPL has experienced significant volatility over the past week, with a high return of +0.61% on October 8th and a low return of -3.51% on October 10th. The stock's short-term moving averages are above its long-term moving average, indicating a potential uptrend.",up,0.7
2025-10-14,"AAPL has experienced significant volatility over the past week, with a decline of -3.51% on October 10th followed by a recovery on October 13th. The current price of $247.19 indicates a potential bounce, but the short-term trend is still bearish.",down,0.6
2025-10-15,"AAPL has experienced a decline in recent trading days, with returns ranging from -3.51% to +0.97%. The stock's price is currently near its 20-day moving average, indicating a potential support level.",down,0.6
2025-10-16,"AAPL has shown mixed performance over the last five trading days, with a slight uptrend indicated by the closing prices and MA20 values. However, the recent price drop on October 10th suggests some volatility ahead.",up,0.7
2025-10-17,"AAPL has experienced a mixed trend over the last five trading days, with price fluctuations and varying returns. The short-term moving averages (ma5 and ma20) are relatively close to each other, indicating a possible stabilization of the stock's momentum.",down,0.6
2025-10-20,"AAPL has shown mixed performance over the last five trading days, with a high return on October 17th but a decline on October 16th. The stock's short-term moving averages are relatively close to its current price, indicating a possible stabilization of price momentum.",down,0.6
2025-10-21,"AAPL has shown significant price growth over the past week, with a strong upward trend in its closing prices. The recent news headlines do not provide any market-moving information, suggesting that the stock's momentum is driven by fundamental factors rather than external events.",up,0.8
2025-10-22,"AAPL has shown significant price growth over the past week, with a strong upward trend in its closing prices and returns. The stock's moving averages are also trending upwards, indicating a potential continuation of this momentum.",up,0.8
2025-10-23,"AAPL has shown mixed performance over the last five trading days, with a strong upswing from October 20th to October 22nd followed by a decline on October 22nd. The stock's short-term moving averages are generally above its closing price, indicating a bullish trend.",up,0.8
2025-10-24,"AAPL has experienced a mixed trend over the last five trading days, with a significant increase on October 20th followed by a decline on October 22nd. The stock's price momentum is currently neutral, and there are no recent news articles to suggest any major market-moving events.",down,0.6
2025-10-27,"AAPL has shown mixed performance over the last five trading days, with a significant drop on October 22nd followed by gains in the subsequent days. The stock's price momentum is currently upward, driven by positive returns of +3.87%, +0.20%, +1.24% over the past three days.",up,0.8
2025-10-28,"AAPL has shown strong price momentum over the past week, with a +2.25% return on October 27th, and is expected to continue its upward trend due to the positive news headlines, including Apple's services revenue surpassing $100bn.",up,0.9
2025-10-29,"AAPL has shown strong upward momentum over the past week, with a +2.25% return on October 27th and a +0.07% return on October 28th. The recent news headlines suggest a positive tone for tech stocks, which could benefit AAPL.",up,0.8
2025-10-30,"AAPL has shown strong upward momentum over the past week, with increasing returns and higher closing prices. The stock is also influenced by positive news headlines related to AI and technology, which may continue to drive its price up.",up,0.8
2025-10-31,"AAPL shows strong price momentum with a recent high close of $270.88 and positive returns over the last five trading days. Market sentiment appears bullish, driven by news headlines focusing on Apple's stock performance.",up,0.9
2025-11-03,"AAPL has experienced a mixed trend over the last five trading days, with a slight decline on October 31st followed by gains in the subsequent days. The stock's price momentum is still bullish, but the recent drop may indicate some caution ahead.",down,0.6
2025-11-04,"AAPL has experienced a mixed trend over the last five trading days, with significant price swings and varying returns. The stock's short-term momentum is neutral, but its long-term trend remains bullish.",down,0.6
2025-11-05,"AAPL has experienced a mixed trend over the last five trading days, with a slight decline on October 31st and a recovery on November 4th. The stock's short-term moving averages are relatively stable, but the long-term moving average is still below the current price, indicating potential support.",up,0.7
2025-11-06,"AAPL has shown a mixed trend over the last five trading days, with a slight increase in price and narrowing of the moving averages. The recent news headlines did not provide any significant market-moving information.",up,0.7
2025-11-07,"AAPL has shown a mixed trend over the last five trading days, with a slight increase in price and returns, but also experiencing some volatility. The short-term moving averages are above the long-term average, indicating a potential uptrend.",up,0.7
2025-11-10,"AAPL has experienced a mixed trend over the last five trading days, with some gains and losses. The stock closed at $267.96 on November 7th, indicating a slight decline in price momentum.",down,0.6
2025-11-11,"AAPL has experienced a mixed trend over the last five trading days, with price fluctuations and varying returns. The stock's short-term momentum is neutral, while its long-term trend appears to be slightly upward.",down,0.6
2025-11-12,"AAPL has shown significant price volatility over the past week, with a strong upswing on November 11 driven by a 2.14% return. However, the stock's recent performance is also marked by sharp declines, indicating potential market uncertainty. Overall, AAPL's price momentum suggests a cautious bullish sentiment.",up,0.7
2025-11-13,"AAPL has shown significant price volatility over the past week, with a high return of +2.14% on November 11th and a low return of -0.65% on November 12th. The stock's short-term moving averages are relatively close to its current price, indicating potential support. However, the overall trend is still bullish due to the recent strong price action.",up,0.8
2025-11-14,"AAPL has shown mixed price movements over the last five trading days, with a significant increase on November 11th followed by a decline on November 12th and 13th. The short-term moving averages are above the long-term average, indicating a potential bounce back in price.",up,0.7
2025-11-17,"AAPL has experienced a mixed trend over the last five trading days, with a significant increase on November 11th followed by a decline. The stock's price is currently trending downward, but the recent high on November 11th suggests some level of support.",down,0.7
2025-11-18,"AAPL has experienced a decline in price over the last two trading days, with returns of -0.65% and -1.83%. The stock's short-term moving averages are above its current price, indicating potential support. However, the overall trend is bearish.",down,0.7
2025-11-19,"AAPL has experienced a decline in price over the past week, with returns ranging from -0.19% to -1.83%. The stock's short-term moving averages are still above its current price, indicating some level of support.",down,0.6
2025-11-20,"AAPL has experienced significant volatility in recent trading days, with a sharp decline on November 17 followed by a rebound on November 19. The current price of $268.31 is near the moving average (ma20) of $268.38, suggesting a potential consolidation phase.",down,0.6
2025-11-21,"AAPL has experienced a mixed trend over the last five trading days, with price fluctuations and varying returns. The stock's short-term momentum is slightly positive due to the recent +0.42% return on November 19th.",down,0.6
2025-11-24,"AAPL has experienced a mix of positive and negative price movements over the last five trading days, with a slight upward trend. The stock's short-term moving averages are above its long-term average, indicating a potential bullish sentiment.",up,0.7
2025-11-25,"AAPL has shown mixed performance over the last five trading days, with a significant increase on November 21 and a decline on November 20. The stock's price momentum is currently upward, driven by strong returns in the past two sessions.",up,0.8
2025-11-26,"AAPL has shown a mix of positive and negative price movements over the last five trading days, with a slight upward trend. The stock's momentum is driven by recent gains, but the short-term volatility suggests caution.",up,0.7
2025-11-28,"AAPL shows a mixed trend with recent price increases, but the ma5 and ma20 are decreasing, indicating potential downward pressure on the stock. The news headlines suggest a shift in market expectations with Intel's chip production deal with Apple and JPMorgan Chase's Fed rate cut hinting at a more positive sentiment.",down,0.7
2025-12-01,"AAPL shows a mixed trend with recent price increases and decreasing volatility, indicating a potential consolidation phase before further growth.",down,0.6
2025-12-02,"AAPL has shown a strong upward trend over the past week, with increasing price and returns. The recent price action suggests that the stock is gaining momentum, but the news headlines are neutral.",up,0.8
2025-12-03,"AAPL has shown significant price growth over the past week, with returns ranging from +0.21% to +1.51%. The stock's momentum is driven by strong sales and increasing investor confidence.",up,0.8
2025-12-04,"AAPL has shown a strong upward trend over the past few trading days, with increasing price and returns. However, yesterday's decline may indicate some caution ahead.",up,0.8
2025-12-05,"AAPL has experienced a mixed trend over the last five trading days, with returns ranging from -1.22% to +1.51%. The stock's short-term moving averages (ma5 and ma20) have been relatively stable, but the long-term average (ma20) is still below the current price, indicating potential support.",down,0.6
2025-12-08,"AAPL has experienced a mixed trend over the last five trading days, with returns ranging from -1.22% to +1.51%. The stock's short-term moving averages (ma5 and ma20) have been relatively stable, but the long-term average (ma20) is still below the current price, indicating some downward pressure.",down,0.6
2025-12-09,"AAPL has experienced a decline in price over the past week, with returns ranging from -0.69% to -1.22%. The stock's short-term moving averages (ma5 and ma20) are above its current price, indicating a potential reversal in trend.",down,0.6
2025-12-10,"AAPL has experienced a decline in price over the past week, with returns ranging from -0.26% to -1.22%. The stock's short-term moving averages (ma5 and ma20) have been relatively stable, but the long-term trend is still bearish.",down,0.6
2025-12-11,"AAPL has shown a mixed trend over the last five trading days, with some days experiencing losses and others showing gains. The stock's short-term momentum is slightly positive due to the +0.58% return on December 10th.",up,0.7
2025-12-12,"AAPL has shown mixed performance over the last five trading days, with a slight increase on December 10th but a decrease on December 11th. The short-term moving averages are above the closing price, indicating a potential bullish trend.",up,0.7
2025-12-15,"AAPL has shown mixed performance over the last five trading days, with a slight increase on December 10th and decreases on December 9th and 11th. The short-term moving averages are above the closing price, indicating a potential bullish trend.",up,0.7
2025-12-16,"AAPL has experienced a significant decline in the last trading day, with a -1.51% return, and is now trading below its 20-day moving average. The stock's price momentum appears to be weakening, suggesting a potential continuation of this trend.",down,0.8
2025-12-17,"AAPL has experienced a decline in price over the past two trading days, with a -1.51% drop on December 15 and a +0.18% gain on December 16. The short-term moving averages (ma5 and ma20) are still above the current price, indicating some level of support. However, the overall trend is bearish.",down,0.7
2025-12-18,"AAPL has experienced a significant decline over the past week, with returns ranging from -1.51% to -1.01%. The stock's price momentum is uncertain due to the lack of news headlines, and the recent close at $271.59 suggests a potential support level.",down,0.6
2025-12-19,"AAPL has experienced a mixed trend over the last five trading days, with price fluctuations driven by short-term market movements. The stock's momentum is currently leaning downwards due to recent losses, but the 20-day moving average remains relatively stable at $276.88.",down,0.6
2025-12-22,"AAPL has experienced a mixed trend over the last five trading days, with price fluctuations and varying returns. The stock's short-term momentum is neutral, while its long-term trend appears to be slightly upward.",down,0.6
2025-12-23,"AAPL has experienced a mixed trend over the last five trading days, with some gains and losses. The stock closed at $270.72 on December 22, indicating a slight decline. However, the short-term moving averages suggest a potential bounce back.",down,0.6
2025-12-24,"AAPL has experienced a mixed trend over the last five trading days, with price movements influenced by both positive and negative returns. The stock's short-term moving averages (ma5 and ma20) have been relatively stable, but the long-term average (ma20) shows a slight upward trend.",up,0.7
2025-12-26,"AAPL has experienced a mixed trend over the last five trading days, with a slight decline on December 22nd followed by gains on December 23rd and 24th. The short-term moving averages are relatively close to the closing price, indicating a potential consolidation phase.",down,0.6
2025-12-29,"AAPL has shown mixed returns over the last five trading days, with a slight uptrend in price but volatility in daily returns. The short-term moving averages are relatively close to each other, indicating a possible stabilization of the stock's momentum.",down,0.6
2025-12-30,"AAPL shows mixed performance over the last five trading days, with a slight upward trend and some volatility. The stock closed at $273.50 on December 29, indicating a potential for further gains. However, the recent price action suggests that the market is cautious about the company's future prospects.",down,0.6
2025-12-31,"AAPL shows mixed performance over the last five trading days, with a slight decline in the final day due to year-end trading, but overall trend is slightly upward. The stock's price momentum is neutral, and market sentiment seems cautious.",down,0.6
2026-01-02,"AAPL shows mixed signals with recent price fluctuations and news headlines suggesting uncertainty about the company's future, indicating a cautious market sentiment.",down,0.7
2026-01-05,"AAPL has experienced a decline in price over the last few trading days, with returns ranging from -0.15% to -0.45%. The moving averages have also shown a slight bearish trend, indicating potential downward momentum.",down,0.7
2026-01-06,"AAPL has experienced a decline in price over the past week, with returns ranging from -0.25% to -1.39%. The stock's short-term moving averages are still above its current price, indicating some level of support.",down,0.7
2026-01-07,"AAPL has experienced significant volatility in the last week, with a decline of over 10% from its peak on January 5th. The stock's short-term moving averages are still above its current price, indicating some level of support. However, the overall trend is bearish.",down,0.7
2026-01-08,"AAPL has experienced a decline in price over the last few trading days, with returns ranging from -0.45% to -1.85%. The short-term moving averages are still above the closing price, indicating some level of support. However, the overall trend is bearish.",down,0.7
2026-01-09,"AAPL has experienced a decline in price over the past week, with returns ranging from -0.31% to -1.85%. The short-term moving averages (ma5 and ma20) are still above the current price, indicating some level of support. However, the overall trend is bearish.",down,0.6
2026-01-12,"AAPL has experienced a decline in price over the past week, with returns ranging from -1.39% to +0.13%. The stock's short-term moving averages are still above its current price, indicating some level of support.",down,0.6
2026-01-13,"AAPL has shown a mixed trend over the last five trading days, with a slight increase on January 9 and 12, but also experiencing declines on January 6, 7, and 8. The short-term moving averages are still above the closing price, indicating some level of support.",up,0.65
2026-01-14,"AAPL has shown a mixed trend over the last few trading days, with some positive returns and others being neutral. The stock's price is currently above its moving averages, indicating a bullish sentiment.",up,0.7
2026-01-15,"AAPL has shown mixed price movements over the last five trading days, with a slight decline on January 14th followed by gains in previous days. The short-term moving averages are relatively close to the current price, indicating a possible stabilization of the stock's momentum.",down,0.6
2026-01-16,"AAPL has experienced a mixed trend over the last five trading days, with a decline on January 14 and 15, followed by a slight recovery on January 13. The short-term moving averages are still above the long-term average, indicating some level of support. However, the recent price drop may indicate a potential reversal in momentum.",down,0.6
2026-01-20,"AAPL has experienced a decline in price over the last two trading days, with returns of -0.42% and -1.04%. The stock's short-term moving averages are still above its current price, indicating some level of support. However, the overall trend is bearish.",down,0.7
2026-01-21,"AAPL has experienced a significant decline over the past week, with returns ranging from -0.42% to -3.52%. The stock's price momentum is uncertain, and market sentiment appears cautious.",down,0.7
2026-01-22,"AAPL has experienced a significant decline in the last few trading days, with returns ranging from -3.52% to +0.38%. The short-term moving averages are still above the closing price, indicating some level of support. However, the overall trend is bearish.",down,0.7
2026-01-23,"AAPL has experienced a decline in price over the past week, with returns ranging from -3.52% to +0.28%. The stock's short-term moving averages are below its long-term average, indicating a potential downtrend.",down,0.7
2026-01-26,"AAPL has experienced a decline in recent trading days with returns ranging from -3.52% to +0.28%. The stock's short-term moving averages are above the closing price, indicating a potential bounce back.",up,0.7
2026-01-27,"AAPL has shown a mixed trend over the past five trading days, with a significant increase on January 26 but a decrease on January 23. The short-term moving averages are above the long-term average, indicating a potential bullish momentum.",up,0.7
2026-01-28,"AAPL has shown mixed performance over the last five trading days, with a significant increase on January 26 and a moderate gain on January 27. However, the recent decline on January 23 may indicate some caution ahead.",up,0.7
2026-01-29,"AAPL has shown mixed performance over the last five trading days, with a significant increase on January 26th followed by a decline on January 28th. The stock's price momentum is currently neutral, and there are no recent news articles to suggest a specific direction.",down,0.6
2026-01-30,"AAPL shows mixed signals with recent price movements and news headlines indicating potential shifts in the tech industry, but overall trend remains bullish due to strong earnings and dividend growth.",up,0.8
2026-02-02,"AAPL shows mixed signals with a slight decline in the last trading day, but overall price momentum is still positive due to strong earnings beat and increasing AI involvement. Investors seem cautious about the company's future growth potential.",down,0.6
2026-02-03,"AAPL has shown significant price growth over the past week, with a strong close on February 2nd at $269.76. The recent news headlines do not provide any market-moving information, suggesting that the stock's momentum may continue.",up,0.8
2026-02-04,"AAPL has shown a mixed trend over the past few days, with significant gains followed by minor losses. The recent price increase on February 2nd suggests a potential upward momentum, but the slight decline on February 3rd indicates some caution. Overall, the market sentiment seems neutral.",up,0.7
2026-02-05,"AAPL has shown significant volatility in the last trading days, with a high return of +3.98% on February 2nd and a low return of -0.20% on February 3rd. The stock's price momentum is currently upward, but the recent decline may indicate a potential correction.",up,0.7
2026-02-06,"AAPL has shown mixed performance over the last five trading days, with a strong up day on February 2nd followed by a slight correction on February 3rd and then another up day on February 4th. The stock's price momentum is currently neutral, but the recent gains suggest a potential upward trend.",up,0.7
2026-02-09,"AAPL has shown mixed performance over the last five trading days, with a high of $276.23 and a low of $269.23. The stock's price momentum is neutral, but it has been trending upwards in recent days.",up,0.7
2026-02-10,"AAPL has experienced a mixed trading day with recent price movements indicating a potential reversal trend, and the absence of news articles suggests no significant market-moving events.",down,0.6
2026-02-11,"AAPL has experienced a mixed trend over the last five trading days, with price fluctuations and varying returns. The stock's short-term momentum is neutral, but its long-term trend remains bullish.",down,0.6
2026-02-12,"AAPL has shown mixed performance over the last five trading days, with a recent uptick on February 11 driven by a +0.66% return. However, the stock's price action is still within its established range, suggesting a potential consolidation phase ahead.",down,0.6
2026-02-13,"AAPL has experienced a significant decline in the last two trading days, with returns of -5.13% and -1.17%. The stock's price is now below its 20-day moving average, indicating bearish sentiment.",down,0.8
2026-02-17,"AAPL has experienced a significant decline over the past week, with returns ranging from -5.13% to -2.30%. The stock's short-term moving averages are still above its current price, indicating some level of support. However, the overall trend is bearish.",down,0.7
2026-02-18,"AAPL has experienced significant volatility in the last week, with a -5.13% drop on February 12th and a +3.12% gain on February 17th. The short-term moving averages are still above the long-term average, indicating some level of price support.",down,0.6
2026-02-19,"AAPL has experienced a volatile trading period with significant price swings, indicating market uncertainty. However, the recent upswing in prices suggests a potential trend reversal.",up,0.7
2026-02-20,"AAPL has shown mixed performance over the last five trading days, with a recent uptick on February 17th followed by a decline on February 19th. The stock's short-term moving averages are slightly above its current price, indicating some level of support. However, without any news articles to consider, market sentiment remains uncertain.",down,0.6
2026-02-23,"AAPL has shown mixed returns over the last five trading days, with a high of $264.58 and low of $260.58. The stock's short-term moving averages are above its current price, indicating a potential uptrend.",up,0.7
2026-02-24,"AAPL has shown mixed performance over the last five trading days, with a high of $266.18 on February 23rd and a low of $260.58 on February 19th. The stock's price momentum is currently neutral, but it may continue to trend upwards due to its strong short-term moving averages.",up,0.7
2026-02-25,"AAPL has shown mixed performance over the last five trading days, with a significant increase on February 24th driven by strong news headlines. However, the recent price action suggests a potential correction, and the short-term moving averages are still above the long-term average.",down,0.7
2026-02-26,"AAPL has shown a mixed trend over the last five trading days, with significant gains on February 24th and 25th, but slight losses on February 20th and 23rd. The stock's short-term moving averages are relatively close to its current price, indicating potential support.",up,0.7
2026-02-27,"AAPL shows mixed signals with recent price fluctuations and a negative return on the last trading day, indicating potential market volatility. However, news headlines suggest Apple's latest iPhones and iPads have been approved for NATO-restricted information, which could be a positive factor.",down,0.6
2026-03-02,"AAPL shows mixed price action with a recent decline, but the news headlines hint at potential growth opportunities and a shift in investor sentiment towards tech stocks.",up,0.7
2026-03-03,"AAPL has experienced a volatile trading period with significant price swings over the last five days. The stock closed at $264.72 on March 2nd, indicating a potential downtrend, but the recent 0.20% gain on February 27th suggests some level of support.",down,0.6
2026-03-04,"AAPL has experienced a significant decline over the past two trading days, with returns of -3.27% and -0.37%. However, the stock has shown resilience, with a slight increase on March 2nd. The short-term moving averages are still above the closing price, indicating some level of support.",down,0.6
2026-03-05,"AAPL has experienced a decline in price over the last few trading days, with returns ranging from -3.27% to -0.47%. The short-term moving averages (ma5 and ma20) have been relatively stable, but the closing price on March 4th is at its lowest point in the past week.",down,0.7
2026-03-06,"AAPL has experienced a decline in price over the past week, with returns ranging from -3.27% to -0.85%. The short-term moving averages (ma5 and ma20) have also decreased, indicating a potential downtrend. However, there is no recent news that could impact the stock's price.",down,0.6
2026-03-09,"AAPL has experienced a decline in price over the past five trading days, with returns ranging from -0.37% to -1.09%. The stock's moving averages (ma5 and ma20) have also shown a downward trend. Despite no recent news articles, the overall sentiment appears bearish.",down,0.6
2026-03-10,"AAPL has experienced a decline in price over the last few trading days, with returns ranging from -0.37% to -1.09%. The stock's short-term moving averages are still above its current price, indicating some level of support. However, the overall trend suggests a potential downward momentum.",down,0.6
2026-03-11,"AAPL has experienced a mixed trend over the last five trading days, with price movements influenced by both positive and negative returns. The stock's short-term moving averages have been relatively stable, but the long-term trend is still upward.",down,0.6
2026-03-12,"AAPL has shown mixed returns over the last five trading days, with a slight uptrend in recent sessions. The stock's short-term moving averages are above its closing price, indicating a potential bullish trend.",up,0.7
2026-03-13,"AAPL has experienced a mixed trend over the last five trading days, with a decline on March 12 but a slight increase on March 9. The short-term moving averages are above the long-term average, indicating a potential bounce back.",down,0.6
2026-03-16,"AAPL has experienced a significant decline over the past week, with returns ranging from -1.96% to -2.23%. The short-term moving averages have also decreased, indicating a potential reversal in price momentum.",down,0.7
2026-03-17,"AAPL has experienced a significant decline over the past week, with returns ranging from -1.96% to -2.23%. However, yesterday's gain of +1.07% suggests some potential for recovery. The short-term moving averages are still below the long-term average, indicating bearish sentiment.",down,0.6
2026-03-18,"AAPL has experienced significant volatility in the last week, with a decline of over 3% from its peak on March 11th. However, the recent price recovery suggests a potential trend reversal, and the short-term moving averages are still above the long-term average.",up,0.7
2026-03-19,"AAPL has shown mixed performance over the last five trading days, with a recent uptick on March 16th and a decline on March 18th. The stock's short-term moving averages are above its closing price, indicating a potential bullish trend.",up,0.7
2026-03-20,"AAPL has experienced a mixed trend over the last five trading days, with price fluctuations and varying returns. The short-term moving averages (ma5 and ma20) are relatively close to the current price, indicating a potential stabilization of the stock's momentum.",down,0.6
2026-03-23,"AAPL has experienced a decline in price over the past two trading days, with returns of -1.70% and -0.39%. The stock's short-term moving averages are still above its current price, indicating some level of support. However, the overall trend is bearish.",down,0.7
2026-03-24,"AAPL has shown a mixed trend over the past five trading days, with a significant increase on March 23 but decreases on the previous two days. The short-term moving averages are relatively close to the current price, indicating a potential consolidation phase.",down,0.6
2026-03-25,"AAPL has shown a mixed trend over the last few trading days, with a significant increase on March 23rd followed by a minor correction on March 24th. The short-term moving averages are still above the long-term average, indicating a bullish sentiment.",up,0.7
2026-03-26,"AAPL has shown a mixed trend over the last five trading days, with a significant increase on March 23rd followed by minor gains on the subsequent days. The short-term moving averages are above the long-term average, indicating a bullish sentiment.",up,0.7
2026-03-27,"AAPL has shown mixed returns over the past five trading days, with a slight uptrend in price. The stock's short-term moving averages are slightly above its current price, indicating a potential bullish trend.",up,0.7
2026-03-30,"AAPL has experienced a significant decline in the last trading day, with a -1.63% return, indicating a potential correction phase. However, the short-term moving averages suggest that the stock is still holding above its 50-day average, suggesting some level of support.",down,0.7
2026-03-31,"AAPL has experienced a significant decline in the last two trading days due to geopolitical tensions with Iran, but the recent price action suggests a potential bounce as the stock has been consolidating above its 50-day moving average.",up,0.7
2026-04-01,"AAPL shows mixed signals with recent price fluctuations and news headlines suggesting market volatility, but overall trend is slightly upward due to the strong close on March 31.",up,0.7
2026-04-02,"AAPL has shown mixed performance over the last five trading days, with a significant increase on March 31 and a decrease on March 27. The stock's price momentum is currently upward, but the recent volatility suggests that market sentiment remains uncertain.",up,0.7
2026-04-06,"AAPL has shown mixed performance over the last five trading days, with a significant increase on March 31st followed by minor gains on April 1st and 2nd. The stock's short-term momentum is positive, but the overall trend remains uncertain.",up,0.7
2026-04-07,"AAPL has shown a mixed trend over the last five trading days, with a slight increase in price and returns, but also some volatility. The stock's short-term moving averages are still above its current price, indicating a potential uptrend.",up,0.7
2026-04-08,"AAPL has experienced a mixed trend over the last five trading days, with a significant drop on April 7 followed by a recovery on April 6. The current price of $253.50 is near its 20-day moving average, suggesting a potential reversal in momentum.",down,0.8
2026-04-09,"AAPL has experienced significant volatility in the last trading days, with a high return of +2.11% on April 8th and a low return of -2.09% on April 7th. The stock's short-term momentum is neutral, but its long-term trend remains bullish.",up,0.6
2026-04-10,"AAPL shows mixed performance over the last 5 trading days, with a significant drop on April 7 followed by gains in the subsequent days. The recent news headlines suggest a shift in market focus towards technology and semiconductor stocks, which could positively impact AAPL.",up,0.8
